{
    "bookings": [
        {
            "id": 1,
            "client": "Antonio José Diaz",
            "email": "Alejandroctsmona@gmail.com",
            "phone": "6756247397",
            "destination": "Berlín",
            "start_date": "2025-10-24",
            "nights": 2,
            "token": "fzW8c7yu2YxcjpMpiWBdK2CI",
            "review_done": false,
            "sent_count": 5,
            "last_sent": "2025-11-02"
        },
        {
            "id": 4,
            "client": "Pepe",
            "email": "Alejandroctsmon@gmail.com",
            "phone": "",
            "destination": "Madrid",
            "start_date": "2025-11-02",
            "nights": 5,
            "token": "UH1w6KL9AwDUYGpvvEPzaBcu",
            "review_done": false,
            "sent_count": 0,
            "last_sent": ""
        },
        {
            "id": 5,
            "client": "Alejandro Cortes",
            "email": "alejandroctsmon@gmail.com",
            "phone": "675624739",
            "destination": "Roma",
            "start_date": "2025-11-03",
            "nights": 2,
            "token": "Gwj20B23JJO9oFJ73o9pFDzw",
            "review_done": false,
            "sent_count": 1,
            "last_sent": "2025-11-02"
        }
    ]
}