{
    "reviews": [
        {
            "text": "Increíble planificación. Nos cuadraron vuelos, horarios y visitas sin colas. Repetiremos seguro.",
            "author": "Laura M.",
            "date": "2025-08-10T10:15:00+02:00"
        },
        {
            "text": "Atención de 10. Nos propusieron días perfectos y recomendaciones para comer buenísimas.",
            "author": "Carlos & Nerea",
            "date": "2025-09-02T18:40:00+02:00"
        },
        {
            "text": "Muy fácil todo: hotelazo, rutas claras y consejos útiles. Nos ahorró tiempo y dinero.",
            "author": "Jorge S.",
            "date": "2025-07-21T12:05:00+02:00"
        },
        {
            "text": "Se adaptaron a nuestro presupuesto sin perder calidad. El itinerario fue un acierto total.",
            "author": "Patricia G.",
            "date": "2025-06-29T09:25:00+02:00"
        },
        {
            "text": "Transparencia y seguimiento antes y durante el viaje. Nos sentimos acompañados.",
            "author": "María R.",
            "date": "2025-05-14T16:30:00+02:00"
        },
        {
            "text": "Experiencia brutal. Detalles cuidados y cero estrés. 100% recomendable.",
            "author": "Álvaro T.",
            "date": "2025-04-03T20:10:00+02:00"
        }
    ]
}